id,title,description,link,section,type,url,alt_text,created_at,image_url
"1089730441260875951"," "," ","","","image","https://www.pinterest.com/pin/1089730441260875951/","","","https://i.pinimg.com/originals/d2/f1/d6/d2f1d678186909c3068afd075a3a710b.jpg"
"1089730441260875935","Water Pattern // @gunklois"," ","","","image","https://www.pinterest.com/pin/1089730441260875935/","","","https://i.pinimg.com/originals/8e/47/9d/8e479d9c496f76d17c71f79e846eb3a4.jpg"
"1089730441260875926"," "," ","","","idea","https://www.pinterest.com/pin/1089730441260875926/","","","https://i.pinimg.com/originals/5e/dc/d3/5edcd3cbdc83219b903252a25e1eb6cd.jpg"
"1089730441260875924","#pink #homescreen #pattern #lockscreen #cute","#pink #homescreen #pattern #lockscreen #cute","","","idea","https://www.pinterest.com/pin/1089730441260875924/","","","https://i.pinimg.com/originals/8b/e7/69/8be769579c090bb8ab092fe1c1071f53.jpg"
"1089730441260875912"," "," ","","","image","https://www.pinterest.com/pin/1089730441260875912/","","","https://i.pinimg.com/originals/99/af/68/99af684c9ddfa0c90c5e29fbbc141b79.jpg"
"1089730441260875903"," "," ","","","image","https://www.pinterest.com/pin/1089730441260875903/","","","https://i.pinimg.com/originals/c2/a6/b9/c2a6b9a94e7b4e8d6962ade66ac4f58d.jpg"
"1089730441260875898"," "," ","https://www.miltonandking.com/wp-content/uploads/2025/08/PB004-PO-Glaze-Powder-1.jpg","","image","https://www.pinterest.com/pin/1089730441260875898/","","","https://i.pinimg.com/originals/2e/e2/70/2ee2705aa7fe1047a7f2c00bae9331ba.jpg"
"1089730441260875895"," "," ","","","image","https://www.pinterest.com/pin/1089730441260875895/","","","https://i.pinimg.com/originals/7c/28/44/7c284418690e418baabee75a0096c45b.jpg"
"1089730441260875891"," "," ","","","image","https://www.pinterest.com/pin/1089730441260875891/","","","https://i.pinimg.com/originals/d3/db/e5/d3dbe5a1e35693fa1060f6150e53d70d.jpg"
"1089730441260875881","cover SOL auftrag"," ","","","image","https://www.pinterest.com/pin/1089730441260875881/","","","https://i.pinimg.com/originals/ad/0d/27/ad0d27889764964a599f9ed5a004f519.jpg"
"1089730441260875870"," "," ","","","image","https://www.pinterest.com/pin/1089730441260875870/","","","https://i.pinimg.com/originals/71/62/9f/71629f387af8ece5f6ae7532c715f349.jpg"
"1089730441260875864","Recently Sold Work — Karma Prints & Artwork","dots","http://www.karmaprintstudio.com/sold/","","image","https://www.pinterest.com/pin/1089730441260875864/","","","https://i.pinimg.com/originals/72/c7/68/72c768b885a176fc39e0e07ed417f36a.png"
"1089730441260875860"," "," ","https://www.instagram.com/p/DXw4NXEiQXL/?igsh=MWIzaWZkbW1ucHl6Zw==","","image","https://www.pinterest.com/pin/1089730441260875860/","","","https://i.pinimg.com/originals/ba/7f/00/ba7f00b16e78900d5118481e4b8a490a.jpg"
"1089730441260875842"," "," ","","","image","https://www.pinterest.com/pin/1089730441260875842/","","","https://i.pinimg.com/originals/8a/6c/30/8a6c30c120d5eee69ade240b09b25786.jpg"
"1089730441260875831","Nature Seamless Textures Midjourney Prompt 😍 buy this prompt on https://promptbase.com/prompt/natur","Nature Seamless Textures Midjourney Prompt 😍 buy this prompt on https://promptbase.com/prompt/nature-seamless-textures This text prompt will help you create seamless textures. Ready textures can be used as a pattern for decorating T-shirts, pillows, mugs and other POD items. #patternprompt #patternprompts #pattern #patternart #patternlove #patterndesign #patternmaking #textures #textureshot #texturestudy #textureprompt #midjourney #midjourneyai #midjourneyart #midjourneyaiart #midjourneya...","https://www.instagram.com/p/C_NTFDutZyb/?img_index=4","","image","https://www.pinterest.com/pin/1089730441260875831/","","","https://i.pinimg.com/originals/ed/b1/a7/edb1a7becefed935c2df2657fee4e8a4.jpg"
"ActN3A2eeGqNkg9T2srmvSxzEXM5CLHSd81haZMTwP9Q-PyRIKWZddeeOFyu7swSO1clYqrtU9Nn6Z0W7ty9f2Y","Skosh 0.6"" x 0.6"" Glass Grid Mosaic Wall & Floor Tile Colour/Finish: Merlot Red","With an elegantly shimmering surface, this neutral glass tile brings a sophisticated sense of serenity to any space. An iridescent shine adds glamour while its subtle texture creates character for the interior walls where you’d like to create dimension and interest. Looking to turn your backsplash or accent wall into a one-of-a-kind glam piece? Look no further than reflective glass tile with a metallic palette. These tiles are suitable for indoor use only, and are perfect for reflecting an updated modern-meets-glam decor. Combined with metallic accessories and fixtures, luminous glass tiles will be the perfect partner for a modern shower, upscale bar or luxurious kitchen backsplash project! With a paper backing that comes with each sheet of tile you have design flexibility in any residenti","https://go.skimresources.com/?id=291659X1778746&url=https://www.wayfair.ca/Apollo-Tile--Skosh-0.6-x-0.6-Glass-Grid-Mosaic-Wall-and-Floor-Tile-APLNB88A-L2970-K~FABG1824.html%3Frefid%3DPSO446-FABG1824_94585076%26device%3Dc%26ptid%3D%257BCriterionId%257D%26targetid%3D%257BTargetID%257D%26network%3D%257Bnetwork%257D%26PiID[]%3D94585076%26refid%3DPSM446-fabg1824_94585076%26costid%3DPSM446%26pin_campaign%3D626757559507%26pin_adgroup%3D2680088865224%26pin_productgroup%3D4260609627505%26device%3Dmobile&xcust=scale","","image","https://www.pinterest.com/pin/ActN3A2eeGqNkg9T2srmvSxzEXM5CLHSd81haZMTwP9Q-PyRIKWZddeeOFyu7swSO1clYqrtU9Nn6Z0W7ty9f2Y/","","","https://i.pinimg.com/originals/66/4a/18/664a18fdf78fd45fb4ae64c06aa517c0.jpg"
"1089730441260875765","Forms+Surfaces: Bonded Quartz","Bonded Quartz, Charcoal, shown in Tilt pattern","https://www.forms-surfaces.com/bonded-quartz?utm_source=&utm_medium=picture&utm_term=%2B%2B%2B&utm_content=&utm_campaign=daily-post","","image","https://www.pinterest.com/pin/1089730441260875765/","","","https://i.pinimg.com/originals/a3/4c/52/a34c5229d7d186b1ed4fcf9ce9c79c31.jpg"
"1089730441260875750","Safavieh Daytona DAY103F Black/Fuchsia Area Rug - 5' 1'' X 7' 6'' Rectangle"," ","https://incrediblerugsanddecor.com/products/safavieh-daytona-day103f-black-fuchsia-area-rug?variant=16030810931271","","image","https://www.pinterest.com/pin/1089730441260875750/","Safavieh Daytona DAY103F Black/Fuchsia Area Rug main image","","https://i.pinimg.com/originals/72/d1/56/72d15649ad6f1ec0e6a497723a38f125.jpg"
"1089730441260875711","Gallery of Design Installation Transports Visitors to Historic Jordanian Site   - 7","Design Installation Transports Visitors to Historic Jordanian Site | ArchDaily","https://www.archdaily.com/929344/design-installation-transports-visitors-to-historic-jordanian-site/5de0d9843312fdb8d30002f1-design-installation-transports-visitors-to-historic-jordanian-site-photo","","image","https://www.pinterest.com/pin/1089730441260875711/","","","https://i.pinimg.com/originals/1c/f2/32/1cf232a33f959df8ddef64a39dc89f33.png"
"1089730441260875701","How To Build Amazing Woodworking Projects With Over 16,000 Easy-To-Follow Plans","Are you looking for an inexpensive way to makeover your outdoor space? Here is a DIY outdoor table tutorial that will add to any deck, patio or yard!","https://medium.com/@ashlejsteinhoff/how-to-build-amazing-woodworking-projects-with-over-16-000-easy-to-follow-plans-a6ef42a37a8c","","image","https://www.pinterest.com/pin/1089730441260875701/","","","https://i.pinimg.com/originals/db/92/5d/db925d1060f06454db5cc93a22a3b015.jpg"
"1089730441260875689"," "," ","","","image","https://www.pinterest.com/pin/1089730441260875689/","","","https://i.pinimg.com/originals/65/12/df/6512df561e88bd8ca7983947aecf7846.jpg"
"1089730441260875679","Layered Wax Type: Become; in orange |  Keetra Dean Dixon","(wax layers not rock layers) Keetra Dean Dixon","http://fromkeetra.com/posts.php?post=063","","image","https://www.pinterest.com/pin/1089730441260875679/","","","https://i.pinimg.com/originals/b4/a7/d6/b4a7d6d748bf39dff86d92fa6e8fd331.jpg"
"1089730441260875650","Screenshot of ferrofluid art by Cosmodernism"," ","https://www.cosmodernism.com/","","idea","https://www.pinterest.com/pin/1089730441260875650/","","","https://i.pinimg.com/originals/d0/d9/07/d0d90763f0bf245487b1799f3ef338bc.jpg"
"1089730441260875648","- leManoosh","leManoosh","https://lemanoosh.com/publication/63539/","","image","https://www.pinterest.com/pin/1089730441260875648/","","","https://i.pinimg.com/originals/fd/3a/25/fd3a25acf989a84ffd3106cefdd29dc2.jpg"
"1089730441260875633","Casalis Leevn | Habitat Matter"," ","https://habitatmatter.com/portfolio/casalis-leevn/","","image","https://www.pinterest.com/pin/1089730441260875633/","","","https://i.pinimg.com/originals/7e/3a/80/7e3a8036552331015f36da79550f8283.png"
"1089730441260875588","Piastrelle in terracotta naturale per cucine e spazi esterni | MOSAIC FACTORY","Porta calore e autenticità nella tua cucina, terrazza o spazio esterno con le nostre cementine in terracotta TERRA, fatte a mano. ​Disponibili in 9 tonalità terrose e 2 finiture naturali – fascino mediterraneo con un design senza tempo. Salva questo pin per idee su pavimenti naturali e interni sostenibili. ​","https://terra-tiles.com/it/","","idea","https://www.pinterest.com/pin/1089730441260875588/","","","https://i.pinimg.com/originals/7d/71/50/7d7150d24d269d6c888430eceeadbddd.jpg"
"1089730441260875569","Plasticiet | Discover Sustainable Surfaces Today","PLASTICIET","https://www.plasticiet.com/","","image","https://www.pinterest.com/pin/1089730441260875569/","","","https://i.pinimg.com/originals/13/2e/ec/132eecd9ce3072056753f5856f2a5cef.webp"
"1089730441260875472","- leManoosh","leManoosh","https://lemanoosh.com/publication/63821/","","image","https://www.pinterest.com/pin/1089730441260875472/","","","https://i.pinimg.com/originals/9a/2b/87/9a2b873da7cd4cc8a6d0ad71dee97f13.jpg"
"1089730441260875416","Uniones (series)"," ","https://www.behance.net/gallery/150327989/Uniones-(series)","","image","https://www.pinterest.com/pin/1089730441260875416/","","","https://i.pinimg.com/originals/26/60/6c/26606c95a5b9e0332fb7e6aa26f03565.png"
"1089730441260875393","Che giorni incredibili. 🌳 A #Floracult abbiamo raccontato la nostra visione della sostenibilità con","Che giorni incredibili. 🌳 A #Floracult abbiamo raccontato la nostra visione della sostenibilità concreta, presentato @remouldproject e condiviso tutte le progettualità che stiamo costruendo per la città di Roma e nel Terzo Municipio.  Abbiamo conosciuto persone competenti, appassionate, attente al tema dell’upcycling e della rigenerazione urbana. ☀️  Abbiamo raccolto sorrisi, domande, nuove idee e tanta voglia di continuare a trasformare rifiuti in opportunità. 💡  Grazie a chi si è fermato, c...","https://www.instagram.com/p/DI_jWLsNrYU/?img_index=8","","image","https://www.pinterest.com/pin/1089730441260875393/","","","https://i.pinimg.com/originals/51/b1/fb/51b1fb32a141349d0af78a840f95523b.jpg"
"1089730441260875387","Recycling becomes design with Tinnef — Scandinavian Spaces","Recycling becomes design with Tinnef — Scandinavian Spaces","https://www.scandinavianspaces.com/products/tinnef","","image","https://www.pinterest.com/pin/1089730441260875387/","","","https://i.pinimg.com/originals/00/af/b8/00afb8e86009fd8523d8dd6b9ba15c2e.jpg"
"1089730441260875373","Tischplatten aus recyceltem Plastik","Die Tischplatten aus recyceltem Kunststoff sind nicht nur extrem langlebig und wetterfest, sondern erzählen auch eine spannende Recycling-Geschichte. Die Tischplatten sind ein Erzeugnis aus gesammelten Kunststoffen – darunter Meeresplastik, alte  Fischernetze und Materialien aus Strandsäuberungen.","https://manufakt.ch/wp-content/uploads/2025/06/Recycling_Tische_broschuere_Online.pdf","","idea","https://www.pinterest.com/pin/1089730441260875373/","","","https://i.pinimg.com/originals/12/8f/52/128f524ca8044c8acec0188763f5f5b1.jpg"
"1089730441260875338","And some new sustainable materials from recycling badminton’s shuttlecocks to Bali rivers trash and ","And some new sustainable materials from recycling badminton’s shuttlecocks to Bali rivers trash and biomaterials from mycelium 🤍 . . @parisdesignweek  @maisonetobjet . . @phydiastone @vescom_bv  @compoplume  @sungai_design","https://www.instagram.com/p/C_i_hAzi01D/","","image","https://www.pinterest.com/pin/1089730441260875338/","","","https://i.pinimg.com/originals/e5/30/5a/e5305abb9dc20ec65457a6a34b1006cf.jpg"
"1089730441260875311"," "," ","http://www.oberflex.com/?fond=produit&ref=SuperOrganicbyOberflex&id_rubrique=92#r%C3%A9f%C3%A9rences","","image","https://www.pinterest.com/pin/1089730441260875311/","","","https://i.pinimg.com/originals/28/54/56/2854562745d96ed981c2ce5021cb2c89.jpg"
"1089730441260875308","Compostboard  Basic Colors, biobased and compostable","Basic colors design of compostboard panel, biobased, circular renewable and natural design, dutch design, colors, biomimicry, biophilic","","","idea","https://www.pinterest.com/pin/1089730441260875308/","","","https://i.pinimg.com/originals/29/82/17/2982176f68a8fa9bddb17b9595b00a59.jpg"
"1089730441260875266","Holographic Foil Coffee Bag w/ a Tin-Tie Mockup - Halfside View","This high-quality holographic foil coffee bag mockup features a 3/4 half-side view with a tin-tie closure. The exclusive design includes a golden layer and a metallic paper bag carton, perfect for showcasing your coffee or food.","https://yellowimages.com/stock/holographic-foil-coffee-bag-w-a-tin-tie-mockup-halfside-view-23383","","image","https://www.pinterest.com/pin/1089730441260875266/","","","https://i.pinimg.com/originals/8d/dd/eb/8dddeb0457637170b986007204809465.jpg"
"1089730441260875255","Mercurial","Holographic, Pink and Glitters","https://www.flickr.com/photos/spiritualblue/8640278442/in/set-72157622075402216","","image","https://www.pinterest.com/pin/1089730441260875255/","","","https://i.pinimg.com/originals/bc/13/ff/bc13ffcb8669454b2ef5c6ae115300ae.jpg"
"1089730441260875246"," "," ","","","image","https://www.pinterest.com/pin/1089730441260875246/","","","https://i.pinimg.com/originals/15/77/02/15770235c3bfb67fffc7b59a5e49187a.jpg"
"1089730441260875229","iridescent light pink holographic wallpaper","iridescent light pink holographic wallpaper","","","image","https://www.pinterest.com/pin/1089730441260875229/","","","https://i.pinimg.com/originals/46/be/75/46be751d50261d68d654584bc33de8a2.jpg"
"1089730441260874910"," "," ","","","idea","https://www.pinterest.com/pin/1089730441260874910/","","","https://i.pinimg.com/originals/9d/34/2b/9d342bb80e6f7b3c11e75226c7f05437.jpg"
"1089730441260874869","リサイクルガラス　ガラスブロック　オブジェ","ガラスブロックの表面に波模様をつけたオブジェ。廃蛍光灯のリサイクルガラスを100％使用

#ガラス #アート #オブジェ #インテリア","https://www.studiorelight.com/","","image","https://www.pinterest.com/pin/1089730441260874869/","","","https://i.pinimg.com/originals/32/27/b0/3227b0fe195428286ef6226b7c1055c7.jpg"
"1089730441260874822","Building Materials Malaysia - Color Changing Glass"," ","","","image","https://www.pinterest.com/pin/1089730441260874822/","","","https://i.pinimg.com/originals/f3/e4/e0/f3e4e06524b5b2f22dcb1dee41564531.jpg"
"1089730441260874779","Chroma | 3form"," ","https://flacedesign.com/brand/3form_chroma/","","image","https://www.pinterest.com/pin/1089730441260874779/","","","https://i.pinimg.com/originals/8f/4f/d5/8f4fd550baaef9207997543278e4ea20.jpg"
"1089730441260874760","Regine Schumann"," ","https://www.instagram.com/p/BQswM33B2PQ/","","image","https://www.pinterest.com/pin/1089730441260874760/","","","https://i.pinimg.com/originals/71/ad/d1/71add1d6759a2fc812df92324cfb761b.jpg"
"1089730441260874737","Acrylic Frame NEON Colors Shadow Box CUSTOM Sizes clear Front, Pink, Blue, Orange, Green Sides Add Your Own Art WHITE Canvas Included - Etsy","Acrylic Frame NEON Colors Shadow Box CUSTOM Sizes Clear | Etsy","https://www.etsy.com/listing/858443898/acrylic-frame-neon-colors-shadow-box?variation0=1534845024&variation1=1551230399","","image","https://www.pinterest.com/pin/1089730441260874737/","","","https://i.pinimg.com/originals/32/b3/f0/32b3f0c1b4cc385d7a96e1911f45aae8.jpg"
"1089730441260874696","(1) Instagram","(1) Instagram","https://www.instagram.com/p/DOAAfiLCfhN/","","image","https://www.pinterest.com/pin/1089730441260874696/","","","https://i.pinimg.com/originals/01/49/bb/0149bbb116aa46bc63887cd1f5cdb824.jpg"
"1089730441260874693","Greg Chann Greg Chann ""Vernus"" 2024 Acrylic and ink 2024","Greg Chann Vernus, 2024 Acrylic and ink 23 x 25 x 1 in. (cha011)","https://www.1stdibs.com/art/sculptures/abstract-sculptures/greg-chann-greg-chann-vernus-2024-acrylic-ink/id-a_15511332/","","image","https://www.pinterest.com/pin/1089730441260874693/","","","https://i.pinimg.com/originals/c8/c6/57/c8c657449d889a017132f5cbeda1d74f.jpg"
"1089730441260874688","A Dutch Duo's Albers-Inspired Acrylic Boxes - Sight Unseen","A Dutch Duo's Albers-Inspired Acrylic Boxes - Sight Unseen","https://www.sightunseen.com/2017/11/raw-color-dutch-design-week-invertuals-hue-boxes/","","image","https://www.pinterest.com/pin/1089730441260874688/","","","https://i.pinimg.com/originals/45/ae/21/45ae216d1b8504e753b63d10edb5eadc.jpg"
"1089730441260874674","Traffic by Mattia Bonetti, 2009 @artsy @liverforsupper","Traffic by Mattia Bonetti, 2009 @artsy @liverforsupper","https://www.instagram.com/p/C9fUDDdCjAr/?img_index=4","","image","https://www.pinterest.com/pin/1089730441260874674/","","","https://i.pinimg.com/originals/96/c5/c1/96c5c1f7a5ea8a47a3f0936db41964dd.jpg"
"1089730441260874660"," "," ","","","idea","https://www.pinterest.com/pin/1089730441260874660/","","","https://i.pinimg.com/originals/33/80/fc/3380fc5b420a56ece5997e6e37734ef2.jpg"
"1089730441260874644"," "," ","http://www.bowers-mfg.com/image/clear.jpg","","image","https://www.pinterest.com/pin/1089730441260874644/","","","https://i.pinimg.com/originals/d0/21/14/d021147a0a656f637da42f9c37403ac0.jpg"
"1089730441260874639","Colour and the Machine by Minimalux","Colour and the Machine by Minimalux","https://www.dezeen.com/2010/09/26/colour-and-the-machine-by-minimalux/","","image","https://www.pinterest.com/pin/1089730441260874639/","","","https://i.pinimg.com/originals/6c/a0/03/6ca003ec116e5a368d296ba4aed5e0f5.jpg"
"1089730441260874637","Anodized Aluminum","Anodized Aluminum « David Tisdale Design","http://davidtisdaledesign.com/series/aluminum/","","image","https://www.pinterest.com/pin/1089730441260874637/","","","https://i.pinimg.com/originals/20/d8/a7/20d8a77cca78fae5cda8915ac56de90e.jpg"
"1089730441260874606","Artist Tool Box, Various Colors - Glossy Yellow","Crafted in a small family factory outside of Parma, Italy, the Metalplus Classic Toolbox offers stylish protection and organization for all your most important tools and supplies. The toolbox exterior is coated with a tough powder-coated epoxy to deflect scratches and damage. Hinged metal flaps protect the items inside your box and include a hole to add a lock. Twin flaps open to a single rectangular compartment, 18"" x 8.25"". Powder-coated steel. 100% made in Italy.","https://noteworthystore.com/products/single-layer-toolbox-various-colors?variant=40043821891678","","image","https://www.pinterest.com/pin/1089730441260874606/","","","https://i.pinimg.com/originals/63/97/8f/63978ffab4e9f7eca978c691a3ab1d21.png"
"1089730441260874596","Powder Coating Colors","Common Colors/Textures of Powder Coatings

WhatsApp: +86 17749558526
https://www.chinapowdercoating.com","https://www.fhpowdercoating.com/","","image","https://www.pinterest.com/pin/1089730441260874596/","","","https://i.pinimg.com/originals/dc/78/1e/dc781eb213c381d6c1376ecafda38201.jpg"
"1089730441260874593","Detail. Folded and powder coated aluminium sheet.","Detail. Folded and powder coated aluminium sheet.","","","image","https://www.pinterest.com/pin/1089730441260874593/","","","https://i.pinimg.com/originals/53/48/1a/53481a12f73b8fa6f0bb95684c548e00.jpg"
"1089730441260874553","Instagram","Instagram","https://www.instagram.com/","","image","https://www.pinterest.com/pin/1089730441260874553/","","","https://i.pinimg.com/originals/8e/97/5f/8e975f2a169d4874930c04fff0b8baee.jpg"
"1089730441260874534","gnustang"," ","http://gnustang.tumblr.com/post/144608533028/just-good-design-gradient-aluminium-neal-feay-x","","image","https://www.pinterest.com/pin/1089730441260874534/","","","https://i.pinimg.com/originals/9b/04/98/9b0498f3ee55223723480e22a565118f.jpg"
"1089730441260874522","LOBO PERFORATED TRAY","Originally designed to store condiments, this multi-purpose tray can also hold items such as toiletries and stationery. Perforated by design, the tray is made from powder-coated aluminium, offering a beautiful pop of colour both on a tabletop or in a cabinet and drawer. Made in United Kingdom Aluminium 7”x 5” x 2”","https://www.shopneighbour.com/products/wood-metal-plastic-lobo-perforated-tray","","image","https://www.pinterest.com/pin/1089730441260874522/","","","https://i.pinimg.com/originals/63/9c/77/639c77869634a63956636c3d90def0f7.jpg"
"1089730441260874512","NMNR Limited Edition Tray","The NMNR Tray is a limited edition collaboration between NM3 and NR Magazine. Each tray is made in Italy from brushed steel and is signed and numbered (1-100).","https://industrialkonzept.com/products/nmnr-nrmagazine-ash-tray?variant=48621540737360","","image","https://www.pinterest.com/pin/1089730441260874512/","","","https://i.pinimg.com/originals/f5/91/a8/f591a8db1f8e879a7e2006ee959f540a.jpg"
"1089730441260874496","Copeland Furniture Sierra Solid Wood Pedestal End Table Red 22.0 x 14.0 x 14.0 in | Wayfair Canada","Soft contemporary styling and precision woodworking come together in Sierra to produce a versatile living room collection that is easy to incorporate into any home. The finish is for low chemical emissions. Copeland Furniture Color: Autumn Cherry | Copeland Furniture Sierra Solid Wood Pedestal End Table Red 22.0 x 14.0 x 14.0 in | FCE16935_94077856 | Wayfair Canada","https://go.skimresources.com/?id=291659X1778746&url=https://www.wayfair.ca/Copeland-Furniture--Sierra-Solid-Wood-Pedestal-End-Table-5SIR1414-L442-K~FCE16935.html%3Frefid%3DPSO446-FCE16935_94077856%26PiID[]%3D94077856&xcust=scale","","image","https://www.pinterest.com/pin/1089730441260874496/","","","https://i.pinimg.com/originals/9e/66/9e/9e669e62d385b3d89a75052d4c34c6ac.jpg"
"1089730441260874485","Walnut Solid Wood Tabletop"," ","http://progressivedesk.ca/products/walnut-wood-tabletop","","image","https://www.pinterest.com/pin/1089730441260874485/","","","https://i.pinimg.com/originals/80/a2/2d/80a22dc0286e5e05159399e1e6d5cf8f.jpg"
"1089730441260874477","Walnut / Clear Swatch","What WE Make builds handmade furniture from reclaimed wood and sustainably sourced hardwoods. Our pieces are made by our craftsman in our shop in Algonquin, IL.","https://www.wwmake.com/products/walnut-swatch-5-x-6","","image","https://www.pinterest.com/pin/1089730441260874477/","","","https://i.pinimg.com/originals/3f/49/51/3f4951b70001647da2623b96fa3e24d6.jpg"
"1089730441260874455","Hard Maple","Hard Maple | The Wood Database - Lumber Identification (Hardwood)","https://www.wood-database.com/hard-maple/","","image","https://www.pinterest.com/pin/1089730441260874455/","","","https://i.pinimg.com/originals/dc/d8/11/dcd811b1e11cc5f4e233edee3ea65c24.png"
"1089730441260874431","Walnut Tray - Medium | Wood Catchall Tray | Valet Tray | Organizing Tray","A little something to catch all the little things. Made from solid walnut and rainbow birch, this tray is a work of art that can be used every day.  Made by hand in my Chicago woodshop where I make other pretty things too.  THE DETAILS ⚬ Materials: Walnut and rainbow wood ⚬ Finished with a natural hard wax oil. ⚬ Dimensions: approx. 9 7/8"" Long  x 8"" x Wide x 1.25"" Tall LOOKING FOR A CUSTOM SIZE? Contact me for custom sizes and options.","https://www.etsy.com/ca/listing/4456840355/walnut-tray-medium-wood-catchall-tray","","image","https://www.pinterest.com/pin/1089730441260874431/","","","https://i.pinimg.com/originals/d9/71/0d/d9710d338bdc2b65229176b93ed1ace3.jpg"
"AQOx3g4ZQvJUydsERy1dFaFryq05NvW5c3SCcmVmS8bjOia3gc6LwVK5xKjZ01vHtsqEyf6xhZp14tAjC_m_Bq0","Lebel | Natural Wood Paneling 3-In W X 8-Ft H X 5/16-In T V-Joint 10-Sq. Ft./pk | Rona","Give your walls and ceilings a natural and ecological look with wood paneling. Each pack contains 5 boards covering 10 sq. ft. The boards can be nailed or glued. Obtain the desired final appearance with varnish, stain or paint. | Lebel | Natural Wood Paneling 3-In W X 8-Ft H X 5/16-In T V-Joint 10-Sq. Ft./pk | Rona","https://www.rona.ca/en/product/lebel-natural-wood-paneling-3-in-w-x-8-ft-h-x-5-16-in-t-v-joint-10-sq-ft-pk-m124cvj-52245038?viewStore=62860&cm_mmc=paid_social-_-pinterest-_-ag1+_retargeting-_-ab+_en-_-camp2&utm_medium=paid_social&utm_source=pinterest&utm_campaign=_performance_I-2QE-PS-011&utm_content=dynamic-ads&utm_id=&utm_id=626757610257_2680088928428&pp=1","","image","https://www.pinterest.com/pin/AQOx3g4ZQvJUydsERy1dFaFryq05NvW5c3SCcmVmS8bjOia3gc6LwVK5xKjZ01vHtsqEyf6xhZp14tAjC_m_Bq0/","","","https://i.pinimg.com/originals/86/e6/0e/86e60ecbfb42cade503cfe8c094b021f.jpg"
"1089730441260874407"," "," ","","","image","https://www.pinterest.com/pin/1089730441260874407/","","","https://i.pinimg.com/originals/57/73/1d/57731db81b94039d58ad72fb6d5a0931.jpg"
"1089730441260874401","Kubbgolv Industry"," ","https://www.almedalsgolv.se/vara-tragolv/kubbgolv/industry","","image","https://www.pinterest.com/pin/1089730441260874401/","","","https://i.pinimg.com/originals/68/84/06/6884064f950f93a366bfc0b138d7a4e5.jpg"
"1089730441260874394","나무에 옷 입히기 | Conc","나무에 옷 입히기 | 콩크","https://concseoul.com/archives/7bd9f4ab77f447ef85e2d90bc54d00cc","","image","https://www.pinterest.com/pin/1089730441260874394/","","","https://i.pinimg.com/originals/c7/f0/c4/c7f0c416dda4824ae1ffa1707d4aa70a.jpg"
"1089730441260874389","ROSA Lazy Susan","Festive and well made lazy susan made in Canada.  Practical, fun and festive, the ROSA lazy susan spins small dishes and condiments with style. This essential of improvised aperitifs invites cheerfulness and conviviality to the table.   Handcrafted in solid canadian douglas fir, this coffee table or dining table tray is offered in a natural version, forest green or lilac.   Dimensions 14” x 14” x 1 ¾” (35.5 cm 35.5 cm x 4.5 cm) Materials Solid Canadian Douglas fir, light and semi-hard wood of high quality, with visible and marked grain. Clear oil or non-toxic matte stain with low VOC emissions. Both stains are clear so the natural grain of the wood is still visible.","https://letenonetlamortaise.com/en/products/rosa-plateau-pivotant?variant=46323450151155","","image","https://www.pinterest.com/pin/1089730441260874389/","","","https://i.pinimg.com/originals/a3/1e/ee/a31eee7c0956db00b1120928adcd395c.jpg"